Date,Synthetic_TQQQ_Close
2000-01-03,10.0
2000-01-04,9.519159752012024
2000-01-05,9.865047305140642
2000-01-06,10.313319774400453
2000-01-07,9.383724609521275
2000-01-10,8.818373316024465
2000-01-11,8.877537308466838
2000-01-12,8.751071453583712
2000-01-13,8.749915679916542
2000-01-14,8.405338959723576
2000-01-17,8.76263500426066
2000-01-18,9.092492174093337
2000-01-19,9.126896304876626
2000-01-20,9.623463239652986
2000-01-21,9.843226652532557
2000-01-24,9.452727092452223
2000-01-25,9.624184282383379
2000-01-26,9.19772420226292
2000-01-27,9.588285487145075
2000-01-28,9.572017883139521
2000-01-31,9.494853347608597
2000-02-01,9.197240106860962
2000-02-02,9.739828068218022
2000-02-03,9.675234817853845
2000-02-04,9.486457421343918
2000-02-07,9.335311764702084
2000-02-08,9.57730760453816
2000-02-09,9.7495192156
2000-02-10,9.946748512920276
2000-02-11,10.156526787975823
2000-02-14,11.208690270899377
2000-02-15,11.001523836470223
2000-02-16,10.743563713767209
2000-02-17,10.340154154447752
2000-02-18,10.649454154904172
2000-02-21,11.229745672123359
2000-02-22,11.176762046546354
2000-02-23,10.743331402780743
2000-02-24,10.334563624120857
2000-02-25,10.660770173527057
2000-02-28,11.044470509184684
2000-02-29,11.336480685121474
2000-03-01,10.989315850753659
2000-03-02,11.117374542505816
2000-03-03,11.186091358953492
2000-03-06,11.30929584706886
2000-03-07,11.785715775879487
2000-03-08,11.918267048386188
2000-03-09,12.310581181716424
2000-03-10,12.358063625831127
2000-03-13,12.535472680533637
2000-03-14,12.919598363681578
2000-03-15,12.048632539198449
2000-03-16,11.875050097531656
2000-03-17,11.619923124668805
2000-03-20,11.278552829015695
2000-03-21,11.139687190104986
2000-03-22,11.943368499974163
2000-03-23,11.465911669371607
2000-03-24,12.002171942621498
2000-03-27,11.068159486603035
2000-03-28,10.900785965657361
2000-03-29,10.991947117508479
2000-03-30,11.30513978898287
2000-03-31,11.694724565757982
2000-04-03,12.143659848750989
2000-04-04,11.952122816295484
2000-04-05,11.699837154126607
2000-04-06,12.185169171276698
2000-04-07,12.083240295728752
2000-04-10,11.370072350540761
2000-04-11,10.774071367226854
2000-04-12,10.316439330339172
2000-04-13,10.566593553100171
2000-04-14,10.644785228554959
2000-04-17,11.001064239777799
2000-04-18,10.78697325377614
2000-04-19,10.875029381190979
2000-04-20,11.20531660721479
2000-04-21,11.049323824668178
2000-04-24,11.296002698811984
2000-04-25,10.95197060912758
2000-04-26,10.771855161923103
2000-04-27,10.58524655205655
2000-04-28,9.999663380771029
2000-05-01,10.237284467448942
2000-05-02,10.017809676522708
2000-05-03,10.030354731474294
2000-05-04,10.265731519990588
2000-05-05,10.489911395632989
2000-05-08,10.828430627545659
2000-05-09,10.785239359194446
2000-05-10,10.577350493170716
2000-05-11,10.544528361543389
2000-05-12,9.721783675766936
2000-05-15,9.07090610017862
2000-05-16,8.515785311876204
2000-05-17,8.123237014515961
2000-05-18,8.282560857378126
2000-05-19,7.936147673820979
2000-05-22,7.799996947157126
2000-05-23,8.288988847402196
2000-05-24,8.155313272315839
2000-05-25,8.446600146926771
2000-05-26,8.082255858120021
2000-05-29,8.009266624927017
2000-05-30,7.657669239756425
2000-05-31,7.540376272380824
2000-06-01,7.846785412929454
2000-06-02,7.220100201151835
2000-06-05,7.373610707835199
2000-06-06,7.461485090383632
2000-06-07,7.25790031628207
2000-06-08,6.772334354816958
2000-06-09,6.799913454416535
2000-06-12,6.634973478293336
2000-06-13,6.712452974677117
2000-06-14,6.723828052857402
2000-06-15,7.243708879437891
2000-06-16,7.166722398038365
2000-06-19,6.827611148938866
2000-06-20,6.890054508534806
2000-06-21,6.966369497112634
2000-06-22,7.423256767028291
2000-06-23,7.723059396121199
2000-06-26,7.8587826782188825
2000-06-27,8.41373384254234
2000-06-28,7.95104160166081
2000-06-29,7.717130779936057
2000-06-30,7.3867828451781445
2000-07-03,7.25601565510373
2000-07-04,6.793840069628816
2000-07-05,7.003276927295738
2000-07-06,6.934495355226248
2000-07-07,6.462639813815024
2000-07-10,6.159223760589199
2000-07-11,6.2547780435713385
2000-07-12,6.508292479649363
2000-07-13,7.136470949946173
2000-07-14,8.146775970248198
2000-07-17,8.312232118980585
2000-07-18,7.9320479566022435
2000-07-19,7.15138597459163
2000-07-20,7.2467827541958885
2000-07-21,6.974954830330856
2000-07-24,6.843110633275836
2000-07-25,6.650649231780878
2000-07-26,6.61085083799636
2000-07-27,6.951055621465738
2000-07-28,7.007307391426095
2000-07-31,6.959479751871297
2000-08-01,6.626241038988439
2000-08-02,6.1130817459115265
2000-08-03,5.977177668126742
2000-08-04,5.96594825350636
2000-08-07,6.47533302594905
2000-08-08,6.519523516291528
2000-08-09,6.828965712771091
2000-08-10,6.672987430900103
2000-08-11,6.307205265080212
2000-08-14,6.025894628347486
2000-08-15,5.824539706463501
2000-08-16,6.424180589031285
2000-08-17,6.1806774312783
2000-08-18,6.431295796856346
2000-08-21,6.163075277195025
2000-08-22,6.440470678767178
2000-08-23,6.562250355453076
2000-08-24,6.518078140255212
2000-08-25,6.50983999780782
2000-08-28,6.313749024083425
2000-08-29,6.451488817683364
2000-08-30,6.317540902764009
2000-08-31,5.959331463207103
2000-09-01,5.606982900678138
2000-09-04,5.656485807281972
2000-09-05,6.087622252596154
2000-09-06,6.1377354165655955
2000-09-07,6.107418570509043
2000-09-08,6.194140238227201
2000-09-11,6.584482677886445
2000-09-12,6.657221348371375
2000-09-13,6.53276775134321
2000-09-14,6.881612821852013
2000-09-15,7.02607101031336
2000-09-18,7.546851224971072
2000-09-19,7.617288443153185
2000-09-20,7.185783683457842
2000-09-21,6.730915190176578
2000-09-22,7.267382898538012
2000-09-25,7.872261328182182
2000-09-26,7.81078137207137
2000-09-27,7.674937790965327
2000-09-28,8.21621687072547
2000-09-29,7.795546583215499
2000-10-02,7.473407682206344
2000-10-03,7.706710545629824
2000-10-04,7.568544053140511
2000-10-05,7.571720993147719
2000-10-06,7.518324975719746
2000-10-09,7.643556846894491
2000-10-10,8.162685747936937
2000-10-11,8.203054923994511
2000-10-12,8.459375379092283
2000-10-13,7.658484314552074
2000-10-16,7.64592750993341
2000-10-17,7.348325306925859
2000-10-18,6.933983440426827
2000-10-19,6.652803131766319
2000-10-20,6.552437131062478
2000-10-23,6.842434018902894
2000-10-24,6.422521622735491
2000-10-25,6.436071065761489
2000-10-26,6.293631851672183
2000-10-27,6.2005928683979326
2000-10-30,6.5008555331153675
2000-10-31,6.671173636771044
2000-11-01,7.101683876546552
2000-11-02,7.054594418057785
2000-11-03,6.828519312946405
2000-11-06,6.7609279828056374
2000-11-07,6.843027725761306
2000-11-08,6.904735771979923
2000-11-09,6.558479880613655
2000-11-10,6.590885811580016
2000-11-13,6.666460090931865
2000-11-14,7.479893432642755
2000-11-15,8.158161364324508
2000-11-16,7.836812413154537
2000-11-17,7.735809384424433
2000-11-20,7.212059343131636
2000-11-21,7.016442605768533
2000-11-22,7.125992608209002
2000-11-23,7.540659968511254
2000-11-24,7.28733020165633
2000-11-27,7.06803804755144
2000-11-28,6.3674882617234525
2000-11-29,6.322817729347544
2000-11-30,6.012199186228847
2000-12-01,5.866381167614049
2000-12-04,5.6288463986540815
2000-12-05,5.607516263175902
2000-12-06,5.151831015887086
2000-12-07,4.802171023103961
2000-12-08,5.296740685136431
2000-12-11,4.9812414708972135
2000-12-12,4.728575558461437
2000-12-13,5.148169587840483
2000-12-14,5.874752138463923
2000-12-15,5.556371015865431
2000-12-18,5.46363499990211
2000-12-19,5.555675514337808
2000-12-20,6.019442703895326
2000-12-21,5.74487681536671
2000-12-22,5.682218333186749
2000-12-25,5.895994006209385
2000-12-26,6.021448030411516
2000-12-27,5.918713020547798
2000-12-28,5.885239337882403
2000-12-29,5.510863293077824
2001-01-01,5.45260021299233
2001-01-02,5.387712069865283
2001-01-03,5.450497362874294
2001-01-04,5.311691433844729
2001-01-05,5.434009206950327
2001-01-08,5.6997482329463995
2001-01-09,5.745436516798894
2001-01-10,5.845009058643676
2001-01-11,5.863565672068175
2001-01-12,5.867469493451985
2001-01-15,5.672413876220501
2001-01-16,5.761218683507816
2001-01-17,5.7385648604743595
2001-01-18,6.319457768131256
2001-01-19,6.799369692767126
2001-01-22,6.928225130696323
2001-01-23,6.684477118209969
2001-01-24,6.340566292813807
2001-01-25,6.705037257282797
2001-01-26,6.792901012735449
2001-01-29,6.952111143514571
2001-01-30,6.391359951566182
2001-01-31,6.67776309286101
2001-02-01,6.826097315109453
2001-02-02,6.475528119500748
2001-02-05,6.3360560546148825
2001-02-06,6.419375664899042
2001-02-07,6.439546714994316
2001-02-08,6.3551016838002345
2001-02-09,6.328253094144662
2001-02-12,6.257236140991735
2001-02-13,6.306543397126661
2001-02-14,6.75438016024113
2001-02-15,5.955937916518393
2001-02-16,5.8933404392710855
2001-02-19,5.9464675173659955
2001-02-20,6.033774161700295
2001-02-21,5.932031145717333
2001-02-22,5.450249228075897
2001-02-23,5.538553251054645
2001-02-26,6.000528741331506
2001-02-27,5.574762546656054
2001-02-28,5.807577302538814
2001-03-01,5.721491022696895
2001-03-02,5.708704681887593
2001-03-05,5.4307801609656625
2001-03-06,5.348764987855233
2001-03-07,5.684296582456307
2001-03-08,5.845291738176503
2001-03-09,6.334260875105032
2001-03-12,6.694181817457095
2001-03-13,6.83799579020018
2001-03-14,7.413866462991164
2001-03-15,7.573108736463506
2001-03-16,7.8763806269585865
2001-03-19,7.771463599812795
2001-03-20,7.80105860485617
2001-03-21,7.550521838174876
2001-03-22,7.911379660555905
2001-03-23,7.480151332446437
2001-03-26,7.763362445518271
2001-03-27,7.698660904215019
2001-03-28,8.133824137580298
2001-03-29,8.429536727903642
2001-03-30,9.17086911247209
2001-04-02,9.495473677476705
2001-04-03,8.805006588401225
2001-04-04,8.78298947334702
2001-04-05,8.306817443592523
2001-04-06,8.109691186072308
2001-04-09,8.701162431297444
2001-04-10,8.970386871171618
2001-04-11,8.681664581528977
2001-04-12,8.274818683022934
2001-04-13,8.293117263535805
2001-04-16,7.826368616403561
2001-04-17,7.5846357063539855
2001-04-18,7.701761983357624
2001-04-19,8.131193568502106
2001-04-20,8.371617614256202
2001-04-23,7.486851395068917
2001-04-24,7.599750450094156
2001-04-25,7.630664558345602
2001-04-26,7.785450363667057
2001-04-27,8.392860487893554
2001-04-30,7.593249604915377
2001-05-01,7.387152702872388
2001-05-02,7.599284623324775
2001-05-03,7.043352769269806
2001-05-04,7.545029778350628
2001-05-07,7.681743061828145
2001-05-08,7.996205430596788
2001-05-09,7.786719901484121
2001-05-10,8.093243698967955
2001-05-11,8.510703730426169
2001-05-14,8.610168414833796
2001-05-15,8.711417465352026
2001-05-16,8.828712502238929
2001-05-17,8.476792544542128
2001-05-18,8.423373326726177
2001-05-21,8.368307586622274
2001-05-22,8.525920274083266
2001-05-23,8.937585785019142
2001-05-24,8.500123495654227
2001-05-25,8.45558370296693
2001-05-28,9.060101847238668
2001-05-29,8.749587720413333
2001-05-30,8.417589583824888
2001-05-31,8.503763238505234
2001-06-01,8.850980647378806
2001-06-04,8.86161769147371
2001-06-05,9.42987531152245
2001-06-06,9.820511051561471
2001-06-07,10.220286285827552
2001-06-08,10.495845886703368
2001-06-11,11.678724009076307
2001-06-12,11.573407552322731
2001-06-13,10.502407764846678
2001-06-14,11.315705257166883
2001-06-15,11.079322962738612
2001-06-18,11.143186189414623
2001-06-19,11.847315417314016
2001-06-20,10.96933220347208
2001-06-21,10.33412419501891
2001-06-22,9.568748288443992
2001-06-25,9.218219431774926
2001-06-26,9.41649960812737
2001-06-27,9.656955931643562
2001-06-28,9.78970047525928
2001-06-29,9.149811697246717
2001-07-02,8.174955480897315
2001-07-03,8.20137245560226
2001-07-04,8.024631938111517
2001-07-05,8.204780946779914
2001-07-06,8.483889075747449
2001-07-09,8.544987677354593
2001-07-10,8.859434173852144
2001-07-11,8.961433776907853
2001-07-12,9.192779223652007
2001-07-13,8.894431602312764
2001-07-16,8.824930164286584
2001-07-17,8.912960392144026
2001-07-18,9.266704788730976
2001-07-19,9.100946594554848
2001-07-20,9.332035240344075
2001-07-23,9.221221218606594
2001-07-24,9.176150522925248
2001-07-25,9.544290206090036
2001-07-26,8.665636811963717
2001-07-27,8.145838721654727
2001-07-30,7.587278060842632
2001-07-31,6.770772457274991
2001-08-01,6.559388347541969
2001-08-02,6.797410762638301
2001-08-03,6.710603052800843
2001-08-06,6.777865052220872
2001-08-07,7.134234903379435
2001-08-08,7.591284104211963
2001-08-09,7.571519011417688
2001-08-10,8.06604725155508
2001-08-13,8.106527016010153
2001-08-14,7.793201720242293
2001-08-15,7.580474782979614
2001-08-16,7.061258217142098
2001-08-17,6.77163205535933
2001-08-20,6.66186898877073
2001-08-21,6.920867602109276
2001-08-22,7.495931729711199
2001-08-23,7.016569765864022
2001-08-24,7.151870342730514
2001-08-27,6.807793497935446
2001-08-28,6.965587300841586
2001-08-29,6.9270917847005515
2001-08-30,6.34088623496337
2001-08-31,6.625288637238606
2001-09-03,6.441153956965154
2001-09-04,6.283585711272267
2001-09-05,5.972751830403084
2001-09-06,5.792980069318026
2001-09-07,5.914347101370829
2001-09-10,5.8654476451322415
2001-09-11,5.960664347159508
2001-09-12,6.066846487281304
2001-09-13,6.4534579361725655
2001-09-14,6.353471503284043
2001-09-17,5.919376303396271
2001-09-18,6.22435008150815
2001-09-19,6.13121892998663
2001-09-20,6.461069955850652
2001-09-21,6.582755676566496
2001-09-24,6.546360095399481
2001-09-25,6.658886070326034
2001-09-26,7.2867590858424816
2001-09-27,8.018609460045077
2001-09-28,8.050221180787604
2001-10-01,8.116566301353135
2001-10-02,8.538259825591258
2001-10-03,8.204957570288745
2001-10-04,8.339870913133431
2001-10-05,8.33519931055124
2001-10-08,8.46466781499348
2001-10-09,8.139090768842772
2001-10-10,7.540677928978734
2001-10-11,6.818895447021208
2001-10-12,6.466494426413941
2001-10-15,6.331114889613976
2001-10-16,6.247787893224739
2001-10-17,6.832702600732918
2001-10-18,7.1974669369592075
2001-10-19,6.877462926178198
2001-10-22,6.995331425482866
2001-10-23,6.865821234443985
2001-10-24,6.77830791072427
2001-10-25,6.84224386720129
2001-10-26,7.047954670905353
2001-10-29,6.939926062252589
2001-10-30,7.2963556458811105
2001-10-31,6.910962456894929
2001-11-01,6.91760641578665
2001-11-02,7.788979340031298
2001-11-05,7.876389697113898
2001-11-06,8.421126587889333
2001-11-07,8.463146631209295
2001-11-08,8.702088524083528
2001-11-09,8.684506894471825
2001-11-12,8.620412673456457
2001-11-13,8.310519948901556
2001-11-14,8.48558447505385
2001-11-15,8.152013415965898
2001-11-16,8.41516440645715
2001-11-19,8.856030931156464
2001-11-20,9.015730802098782
2001-11-21,8.90001477622072
2001-11-22,9.097519594001055
2001-11-23,8.971158262317584
2001-11-26,9.376653138927612
2001-11-27,8.58293794795152
2001-11-28,8.452854691930282
2001-11-29,7.675549925355022
2001-11-30,7.144675029050044
2001-12-03,7.614868938958619
2001-12-04,7.944324442287144
2001-12-05,7.680998007431656
2001-12-06,7.1471078094715965
2001-12-07,6.173587905103599
2001-12-10,6.019789356256104
2001-12-11,6.7256111746552865
2001-12-12,6.868755485834592
2001-12-13,6.69246538937747
2001-12-14,6.844522017153993
2001-12-17,6.350316997320681
2001-12-18,6.265503102239447
2001-12-19,6.299126528601342
2001-12-20,6.27768255894273
2001-12-21,6.5179059551195
2001-12-24,6.62866356010659
2001-12-25,6.843507679802374
2001-12-26,6.626618875179093
2001-12-27,6.914153407000521
2001-12-28,7.45785227034804
2001-12-31,7.123474200542325
2002-01-01,6.831441636624802
2002-01-02,7.271762379625172
2002-01-03,7.210920537527944
2002-01-04,7.699390721776942
2002-01-07,7.5440306461638125
2002-01-08,8.07374326137697
2002-01-09,8.129305106820325
2002-01-10,8.234088959130354
2002-01-11,8.855956886631866
2002-01-14,8.710846390607966
2002-01-15,8.332059948274988
2002-01-16,8.161576636983074
2002-01-17,8.342060586313474
2002-01-18,7.7378801020196954
2002-01-21,7.977276191550445
2002-01-22,7.7803093454607115
2002-01-23,8.211312779096094
2002-01-24,7.304979308419078
2002-01-25,7.039959445076854
2002-01-28,6.490942004655914
2002-01-29,6.243441984339687
2002-01-30,6.320788768484481
2002-01-31,6.271512488223417
2002-02-01,6.200718962994867
2002-02-04,6.158235837097274
2002-02-05,6.221595640872961
2002-02-06,5.931534419900148
2002-02-07,6.134699514297869
2002-02-08,6.331875415374021
2002-02-11,6.45162790003105
2002-02-12,6.626320198497511
2002-02-13,6.72374190390052
2002-02-14,7.385291429009292
2002-02-15,7.359803584280752
2002-02-18,7.258128783223101
2002-02-19,7.006003945813435
2002-02-20,6.67164211382325
2002-02-21,6.28752137443274
2002-02-22,6.029436585248064
2002-02-25,6.013298999586913
2002-02-26,6.112524977501887
2002-02-27,6.131348864489243
2002-02-28,5.9149270393146836
2002-03-01,6.172252334383448
2002-03-04,6.393269177271336
2002-03-05,6.349327163666135
2002-03-06,6.158626997604537
2002-03-07,6.3230060291656365
2002-03-08,6.383440922331412
2002-03-11,5.955767601808101
2002-03-12,5.940586307575066
2002-03-13,6.018231482759458
2002-03-14,5.768144362927025
2002-03-15,5.823787118492147
2002-03-18,5.431808126592972
2002-03-19,5.782020777361896
2002-03-20,6.130208069052171
2002-03-21,6.061257816607752
2002-03-22,6.169673379982565
2002-03-25,5.484291536398975
2002-03-26,5.190943994953975
2002-03-27,5.122479950605239
2002-03-28,4.8685165421883365
2002-03-29,5.037027312842315
2002-04-01,5.523338645543921
2002-04-02,5.222708829793569
2002-04-03,5.020830086108872
2002-04-04,5.08012069291216
2002-04-05,5.47521044595688
2002-04-08,5.165581934936267
2002-04-09,5.229911458915788
2002-04-10,5.690020027175469
2002-04-11,5.255369605581927
2002-04-12,4.943880924438802
2002-04-15,4.848514523091051
2002-04-16,4.7329314351208085
2002-04-17,4.918979682580798
2002-04-18,4.978516834495736
2002-04-19,4.570002860261711
2002-04-22,4.684789617468152
2002-04-23,4.560609995585989
2002-04-24,4.84107040818414
2002-04-25,4.701406642657319
2002-04-26,4.563786295825636
2002-04-29,4.68401051666501
2002-04-30,4.857002922191505
2002-05-01,4.963431135922547
2002-05-02,4.576552491397657
2002-05-03,4.696437465055009
2002-05-06,4.471853170472772
2002-05-07,4.524624412718507
2002-05-08,4.2265857931
2002-05-09,4.318842624145767
2002-05-10,4.158120179127591
2002-05-13,3.9113646222926706
2002-05-14,4.046638385860449
2002-05-15,4.095614187572646
2002-05-16,3.9800653194736286
2002-05-17,4.2587859865494515
2002-05-20,4.173227620119062
2002-05-21,4.1823230456091025
2002-05-22,4.23835221962152
2002-05-23,4.117647846507732
2002-05-24,4.212390300521255
2002-05-27,4.10943212311866
2002-05-28,4.032471037035994
2002-05-29,4.297612112880654
2002-05-30,4.0908453624337735
2002-05-31,3.6358661202293248
2002-06-03,3.9186021299428386
2002-06-04,4.402883988736823
2002-06-05,4.321743843998445
2002-06-06,3.9350138245327635
2002-06-07,3.8800227608713804
2002-06-10,3.830227753359877
2002-06-11,3.7984370418695663
2002-06-12,3.6028383442681124
2002-06-13,3.704349151358493
2002-06-14,3.7989984691657406
2002-06-17,3.5363578661530193
2002-06-18,3.6561909459937483
2002-06-19,4.019066346083057
2002-06-20,4.054430342405699
2002-06-21,3.992653891407286
2002-06-24,3.9685330727226873
2002-06-25,4.087105025087646
2002-06-26,3.7600576299310693
2002-06-27,3.791793998467027
2002-06-28,3.7245518996298563
2002-07-01,4.057030131603949
2002-07-02,4.02636814908424
2002-07-03,4.350590326929732
2002-07-04,4.12850786941666
2002-07-05,4.246345278012386
2002-07-08,4.3134102530174605
2002-07-09,4.140327539343862
2002-07-10,4.177825002309059
2002-07-11,4.422277279651937
2002-07-12,4.357709586584186
2002-07-15,4.016767984080752
2002-07-16,4.016092940613029
2002-07-17,3.848694024008857
2002-07-18,3.789144950739468
2002-07-19,3.7770526723261937
2002-07-22,3.479161967409422
2002-07-23,3.219179716499296
2002-07-24,3.294924790415737
2002-07-25,3.2160485340010703
2002-07-26,2.8361555042308715
2002-07-29,2.943875495159986
2002-07-30,2.9837964907786567
2002-07-31,2.8856756382169757
2002-08-01,2.709862156503334
2002-08-02,2.8193955918421056
2002-08-05,2.8679354333545812
2002-08-06,3.198879341678286
2002-08-07,3.264726053981946
2002-08-08,3.32688434141581
2002-08-09,3.302876563876082
2002-08-12,3.433370340660401
2002-08-13,3.5375629923395078
2002-08-14,3.7512349922329022
2002-08-15,3.6616806616111672
2002-08-16,3.5890193896133518
2002-08-19,3.510442162615156
2002-08-20,3.6447728953789373
2002-08-21,3.9083332658221543
2002-08-22,3.826479914643006
2002-08-23,3.752458297710218
2002-08-26,3.8107743853878886
2002-08-27,3.7691240967253985
2002-08-28,3.9424719864487847
2002-08-29,3.532909015595456
2002-08-30,3.398120603259401
2002-09-02,3.27549716445317
2002-09-03,2.9249829053570098
2002-09-04,2.7947256233027598
2002-09-05,2.676578035907148
2002-09-06,2.6529526955767557
2002-09-09,2.7954703214926555
2002-09-10,2.7650091412078455
2002-09-11,2.6332352401267
2002-09-12,2.627893769929052
2002-09-13,2.7610071311898103
2002-09-16,2.636468982411831
2002-09-17,2.5255743573032072
2002-09-18,2.594202622039972
2002-09-19,2.5688079495623684
2002-09-20,2.6495102125518715
2002-09-23,2.6495551390735685
2002-09-24,2.7396503132890127
2002-09-25,2.6085417673327775
2002-09-26,2.6087785264514167
2002-09-27,2.584573755586616
2002-09-30,2.439190389654578
2002-10-01,2.2627865934367457
2002-10-02,2.3380096659534315
2002-10-03,2.300888450419646
2002-10-04,2.1921464404346294
2002-10-07,2.1836412217043346
2002-10-08,2.3025282473696853
2002-10-09,2.0602898243828047
2002-10-10,1.9176410431502766
2002-10-11,1.8358819175570895
2002-10-14,1.965334904887112
2002-10-15,1.9929392914471373
2002-10-16,2.0669621336402106
2002-10-17,1.9579557945658397
2002-10-18,1.8565728760081093
2002-10-21,1.8972294605896518
2002-10-22,1.9037120986398843
2002-10-23,1.954552017717758
2002-10-24,1.9385367949428736
2002-10-25,1.9653559431560097
2002-10-28,1.9813603581693917
2002-10-29,2.0559435779669353
2002-10-30,2.1362109187578224
2002-10-31,1.9761667397638816
2002-11-01,1.7712794258311593
2002-11-04,1.8569672404540403
2002-11-05,1.9634045713941597
2002-11-06,1.870763659358943
2002-11-07,1.7099658868467351
2002-11-08,1.7191064852980502
2002-11-11,1.7964216052029476
2002-11-12,1.9523937438319703
2002-11-13,2.0015153909173375
2002-11-14,1.967783943090896
2002-11-15,1.8866146911753086
2002-11-18,1.8888842613034884
2002-11-19,1.863484126092738
2002-11-20,1.7760392562590712
2002-11-21,1.951969787370435
2002-11-22,2.1202681842018087
2002-11-25,2.2365239367786747
2002-11-26,2.1413812447768947
2002-11-27,2.229906656908291
2002-11-28,2.2991253953386623
2002-11-29,2.348896918363746
2002-12-02,2.490539232836591
2002-12-03,2.5673424168661607
2002-12-04,2.6593479991347615
2002-12-05,2.7415517696595044
2002-12-06,2.787636477675743
2002-12-09,2.557788077986575
2002-12-10,2.569594921675161
2002-12-11,2.504051847000307
2002-12-12,2.3557777413139505
2002-12-13,2.5470681958668933
2002-12-16,2.7597248248976096
2002-12-17,2.9407249562551083
2002-12-18,2.97820911090541
2002-12-19,3.1723029994744296
2002-12-20,3.1762094811822243
2002-12-23,3.208799336224795
2002-12-24,3.046531823645754
2002-12-25,3.1058813254880713
2002-12-26,3.1168040186024397
2002-12-27,2.928954395889259
2002-12-30,2.9238092857059255
2002-12-31,2.9147349693728843
2003-01-01,3.1677985903250976
2003-01-02,3.304705127124071
2003-01-03,3.3086797253358506
2003-01-06,3.349845279508692
2003-01-07,3.3590635210634194
2003-01-08,3.3291277919963544
2003-01-09,3.162483312818544
2003-01-10,3.142028614564615
2003-01-13,3.0339744728832563
2003-01-14,2.858471412345275
2003-01-15,2.929698493340161
2003-01-16,2.9859741883594753
2003-01-17,2.7393474829557896
2003-01-20,2.725293888921058
2003-01-21,2.8563425870039167
2003-01-22,3.0024070817931126
2003-01-23,3.1511253963150514
2003-01-24,3.1590071686993464
2003-01-27,3.0357818485826606
2003-01-28,2.883641896451419
2003-01-29,2.932637580613242
2003-01-30,2.987298717333771
2003-01-31,3.1728622610738584
2003-02-03,3.341328260489475
2003-02-04,3.3226823659977756
2003-02-05,3.131419400667293
2003-02-06,3.086388748295333
2003-02-07,3.1201691800764673
2003-02-10,3.0924845612273697
2003-02-11,3.0104606947944896
2003-02-12,3.048501136453691
2003-02-13,2.9782049187628346
2003-02-14,2.8922177052655584
2003-02-17,2.9368045296014276
2003-02-18,2.883134429790262
2003-02-19,2.918364967713063
2003-02-20,2.9580555736623975
2003-02-21,2.8021557201569762
2003-02-24,2.740524943400881
2003-02-25,2.9306660400678406
2003-02-26,2.7731291055921963
2003-02-27,2.502152009316515
2003-02-28,2.2868537302773206
2003-03-03,2.291513742746025
2003-03-04,2.2963790579175307
2003-03-05,2.285147572767021
2003-03-06,2.4190397176154566
2003-03-07,2.121435543464899
2003-03-10,2.1626565667962865
2003-03-11,2.3256445960975074
2003-03-12,2.20433252144178
2003-03-13,2.166345268288648
2003-03-14,2.0911574742020496
2003-03-17,2.0047807485365907
2003-03-18,1.9752770021855026
2003-03-19,2.111341632302787
2003-03-20,2.298741857188347
2003-03-21,2.263866199337864
2003-03-24,2.4722607431632455
2003-03-25,2.478054440228857
2003-03-26,2.6879214375139475
2003-03-27,2.677857996065162
2003-03-28,2.6962321928732598
2003-03-31,2.7447176159169175
2003-04-01,3.169345426620788
2003-04-02,3.299800442695681
2003-04-03,3.1923072578367906
2003-04-04,3.3417215654347867
2003-04-07,3.2869555837869386
2003-04-08,3.21335044318278
2003-04-09,3.354441736224236
2003-04-10,3.361590541069542
2003-04-11,3.408166222532497
2003-04-14,3.41267438924409
2003-04-15,3.469358173602777
2003-04-16,3.541560972896829
2003-04-17,3.2246244723224318
2003-04-18,3.328868987796122
2003-04-21,3.1777780160906213
2003-04-22,2.965730981790107
2003-04-23,2.9595110780569294
2003-04-24,2.9732226942676303
2003-04-25,2.8782799005448036
2003-04-28,2.993962623077736
2003-04-29,2.8080400021894767
2003-04-30,2.7560702337797487
2003-05-01,2.6820684809805995
2003-05-02,2.6779408861318137
2003-05-05,2.7150810837437924
2003-05-06,2.5885806635132793
2003-05-07,2.679400639774254
2003-05-08,2.689155109090106
2003-05-09,2.4540522605803163
2003-05-12,2.2320055544771167
2003-05-13,2.2321833934542883
2003-05-14,2.210392321563193
2003-05-15,2.2010611180177806
2003-05-16,2.199607810526193
2003-05-19,2.22455120417867
2003-05-20,2.3263918288704297
2003-05-21,2.206842039061373
2003-05-22,2.0872011759183913
2003-05-23,1.9816666698948642
2003-05-26,2.010095874599252
2003-05-27,2.1308508900663394
2003-05-28,2.0889737876923156
2003-05-29,1.8481957255516066
2003-05-30,1.7025722779118668
2003-06-02,1.6371125045426915
2003-06-03,1.5952365451326722
2003-06-04,1.5656044972080367
2003-06-05,1.5694958911257229
2003-06-06,1.5474693170324465
2003-06-09,1.6258671863368357
2003-06-10,1.575278292732254
2003-06-11,1.5125618086083683
2003-06-12,1.5479215009408556
2003-06-13,1.437961927736665
2003-06-16,1.4654757582908642
2003-06-17,1.4735534837574724
2003-06-18,1.464273403406638
2003-06-19,1.5765316990437728
2003-06-20,1.5314460224221353
2003-06-23,1.6840104999334564
2003-06-24,1.6672168024724396
2003-06-25,1.568712872131505
2003-06-26,1.574937160284987
2003-06-27,1.4965536686834553
2003-06-30,1.4446918692143242
2003-07-01,1.4728388038806721
2003-07-02,1.5126524206461736
2003-07-03,1.4693963779469865
2003-07-04,1.5394687426558789
2003-07-07,1.6254684638655872
2003-07-08,1.7381296191048212
2003-07-09,1.7829466609616504
2003-07-10,1.9002457716449728
2003-07-11,1.735086100873823
2003-07-14,1.710233001252203
2003-07-15,1.6417698687488422
2003-07-16,1.652115131096775
2003-07-17,1.6087937077411036
2003-07-18,1.5972425718087961
2003-07-21,1.7424930646566335
2003-07-22,1.7296894358058712
2003-07-23,1.7647676214000192
2003-07-24,1.7466003718788952
2003-07-25,1.7540092280115747
2003-07-28,1.755668747121859
2003-07-29,1.7941583015536389
2003-07-30,1.8950593254172212
2003-07-31,2.045774624674864
2003-08-01,2.0771345141686504
2003-08-04,2.1366475098442876
2003-08-05,2.022904714475286
2003-08-06,2.0158486331777588
2003-08-07,2.107423147238104
2003-08-08,2.195650035804361
2003-08-11,2.219096109577639
2003-08-12,2.3141698667784056
2003-08-13,2.3695794164710784
2003-08-14,2.5068341228114273
2003-08-15,2.54285009520267
2003-08-18,2.501909435331571
2003-08-19,2.543377432413464
2003-08-20,2.2008332232490195
2003-08-21,2.242231596426818
2003-08-22,1.8680253609422295
2003-08-25,1.7191664686221197
2003-08-26,1.7571376140750699
2003-08-27,1.7981022129122823
2003-08-28,1.701416713635438
2003-08-29,1.645607309161324
2003-09-01,1.7544360647464203
2003-09-02,1.7156194134101663
2003-09-03,1.9018477224129529
2003-09-04,1.9029337983615549
2003-09-05,1.9410044000019335
2003-09-08,2.09250143581871
2003-09-09,2.106856149375805
2003-09-10,2.009237797081619
2003-09-11,2.000157894769311
2003-09-12,1.9981165701290502
2003-09-15,1.8719492881547606
2003-09-16,1.850602256858114
2003-09-17,1.7872978023686894
2003-09-18,1.8671243543876272
2003-09-19,1.8714147678611242
2003-09-22,1.8476993469024494
2003-09-23,1.8396585040815359
2003-09-24,1.8603074141904574
2003-09-25,1.9160279873623802
2003-09-26,1.8274859664968686
2003-09-29,1.7394768555893751
2003-09-30,1.8322290341536065
2003-10-01,1.7978551160419074
2003-10-02,1.6800023842593415
2003-10-03,1.7164724170480234
2003-10-06,1.755331891883543
2003-10-07,1.6310374579723503
2003-10-08,1.6498366773684763
2003-10-09,1.7086121876837892
2003-10-10,1.7400613631082829
2003-10-13,1.7934398051997165
2003-10-14,1.6769186793403517
2003-10-15,1.7043303658867863
2003-10-16,1.6811430157848342
2003-10-17,1.6440457254672045
2003-10-20,1.7132346793943953
2003-10-21,1.835538848825312
2003-10-22,1.9946195766408883
2003-10-23,2.121163912390139
2003-10-24,2.1115775337963734
2003-10-27,2.1482693933248926
2003-10-28,2.228010792999621
2003-10-29,2.2422560485934895
2003-10-30,2.257610172070592
2003-10-31,2.3475604451563536
2003-11-03,2.3425404228996762
2003-11-04,2.2638201486314573
2003-11-05,2.221122226853465
2003-11-06,2.2894622703963474
2003-11-07,2.2913012670166135
2003-11-10,2.3297540964135877
2003-11-11,2.405459705203177
2003-11-12,2.3645674801792778
2003-11-13,2.4511417382208722
2003-11-14,2.496777350270658
2003-11-17,2.3541426300993935
2003-11-18,2.517991303514804
2003-11-19,2.4603075636643377
2003-11-20,2.2719911675441065
2003-11-21,2.1622103018872356
2003-11-24,2.060146531740316
2003-11-25,2.066591356970083
2003-11-26,2.041272341331662
2003-11-27,2.010217253262423
2003-11-28,2.0707049881626602
2003-12-01,2.1054228309996574
2003-12-02,2.138339765826824
2003-12-03,2.1813022432760847
2003-12-04,2.2465666348654825
2003-12-05,2.0279362692714065
2003-12-08,1.9944530374993414
2003-12-09,1.7937735972225728
2003-12-10,1.7980182762839367
2003-12-11,1.7988145421104655
2003-12-12,1.8896170310883105
2003-12-15,1.99791752496162
2003-12-16,2.0184152772795168
2003-12-17,1.9722124495568902
2003-12-18,2.01890783690824
2003-12-19,1.970085856082866
2003-12-22,1.971259981286443
2003-12-23,2.0651450970346867
2003-12-24,2.01231631695504
2003-12-25,2.0907523208703984
2003-12-26,2.1594226974641066
2003-12-29,2.0641470873141183
2003-12-30,2.1612434015360673
2003-12-31,2.234414234631102
2004-01-01,2.2466640176568764
2004-01-02,2.167699116976908
2004-01-05,2.081711098068577
2004-01-06,2.0304197415704133
2004-01-07,2.084048830694022
2004-01-08,1.9920179340694437
2004-01-09,2.034664070769518
2004-01-12,1.9177741071915333
2004-01-13,1.9005787406349062
2004-01-14,1.9116930239533052
2004-01-15,2.1381594821179655
2004-01-16,2.0019060906530366
2004-01-19,2.144114934332851
2004-01-20,2.1607343736521094
2004-01-21,2.2042848616227575
2004-01-22,2.2180830677304018
2004-01-23,2.2663304179959898
2004-01-26,2.2513906274970386
2004-01-27,2.4093662011354597
2004-01-28,2.3591739825711064
2004-01-29,2.488096218231153
2004-01-30,2.414361952281539
2004-02-02,2.4090886053352003
2004-02-03,2.289669376546477
2004-02-04,2.340595925842551
2004-02-05,2.503820967735935
2004-02-06,2.496330600945509
2004-02-09,2.474792394535103
2004-02-10,2.3472129214485506
2004-02-11,2.323378717351337
2004-02-12,2.1522107240434005
2004-02-13,2.061453971497674
2004-02-16,2.08495059051639
2004-02-17,2.2176488062623445
2004-02-18,2.5201268613405317
2004-02-19,2.452258406049974
2004-02-20,2.6221056144334867
2004-02-23,2.6541027303632885
2004-02-24,2.636911702791209
2004-02-25,2.6927470277503254
2004-02-26,2.7024117703360124
2004-02-27,2.7183107327393325
2004-03-01,2.667824288464256
2004-03-02,2.495253334917499
2004-03-03,2.3170794298868236
2004-03-04,2.3905105500839148
2004-03-05,2.360902494077846
2004-03-08,2.296271547364001
2004-03-09,2.2987142328416654
2004-03-10,2.3871312666403757
2004-03-11,2.4090863973827297
2004-03-12,2.336376526870962
2004-03-15,2.4746325199364727
2004-03-16,2.6632599145671283
2004-03-17,2.7275086402798587
2004-03-18,2.8557789234329465
2004-03-19,3.0269265865927313
2004-03-22,3.192028706177405
2004-03-23,3.2872239229416964
2004-03-24,3.3827876713543112
2004-03-25,3.4684396143697915
2004-03-26,3.2924193376123334
2004-03-29,3.4042264391324357
2004-03-30,3.1906787905029947
2004-03-31,3.073726719781636
2004-04-01,3.267065600659861
2004-04-02,3.3998116262655174
2004-04-05,3.6438529695692723
2004-04-06,3.5995831156032505
2004-04-07,3.4077308142368254
2004-04-08,3.3713397729025796
2004-04-09,3.38983937089461
2004-04-12,3.404743975023432
2004-04-13,3.5910405052265455
2004-04-14,3.532283395844275
2004-04-15,3.593547077660051
2004-04-16,3.4293380373318674
2004-04-19,3.5048447820895134
2004-04-20,3.5076791182203366
2004-04-21,3.3864416775713413
2004-04-22,3.351012621305104
2004-04-23,3.3241069487753085
2004-04-26,3.283959386661139
2004-04-27,3.564894866353871
2004-04-28,3.550682241834179
2004-04-29,3.512186454607255
2004-04-30,3.1720754106744145
2004-05-03,3.0410711114599587
2004-05-04,3.0053554227912094
2004-05-05,2.910461774542801
2004-05-06,3.104508487865964
2004-05-07,3.0823966505036062
2004-05-10,3.2740329063761595
2004-05-11,3.2857511769879926
2004-05-12,3.2937078328985696
2004-05-13,3.282076118659303
2004-05-14,3.284836971865515
2004-05-17,3.5574634917308647
2004-05-18,3.1768965287243573
2004-05-19,2.8831949682591516
2004-05-20,2.8114116821659776
2004-05-21,2.8152026019617
2004-05-24,2.9093756856812343
2004-05-25,2.9765873797911544
2004-05-26,2.9246711466605793
2004-05-27,3.068584843951204
2004-05-28,3.2212234975951426
2004-05-31,3.2514139280204803
2004-06-01,3.4026055709036824
2004-06-02,3.4487917558372443
2004-06-03,3.3599680926400093
2004-06-04,3.4736025020894377
2004-06-07,3.4940743198866695
2004-06-08,3.4966078910658007
2004-06-09,3.7451542482113704
2004-06-10,3.3221340841882805
2004-06-11,3.104232761653596
2004-06-14,2.933766946684416
2004-06-15,2.885489885321926
2004-06-16,2.852751024142098
2004-06-17,2.653827373426892
2004-06-18,2.532987678751161
2004-06-21,2.4323162835031775
2004-06-22,2.7219264821363773
2004-06-23,2.958803280227177
2004-06-24,2.9033756373702815
2004-06-25,2.8555546698519074
2004-06-28,2.7037614557866614
2004-06-29,2.46537472980424
2004-06-30,2.453401664214904
2004-07-01,2.3402392514968504
2004-07-02,2.3324104964696595
2004-07-05,2.1597804789007577
2004-07-06,2.083904523379047
2004-07-07,2.099937296448671
2004-07-08,2.137773124223017
2004-07-09,2.181501439485374
2004-07-12,2.0482212403370643
2004-07-13,2.1328626600748195
2004-07-14,2.054125481617717
2004-07-15,2.1172241398383242
2004-07-16,2.117560953311695
2004-07-19,1.9827110823076641
2004-07-20,1.9544703561307601
2004-07-21,1.9896066430219808
2004-07-22,2.04883463663484
2004-07-23,2.036555097694757
2004-07-26,2.187114714880403
2004-07-27,2.293524457637013
2004-07-28,2.2672811980822996
2004-07-29,2.3496292653639377
2004-07-30,2.5692068376025183
2004-08-02,2.8126459057730204
2004-08-03,2.652854587112658
2004-08-04,2.5392988857920704
2004-08-05,2.7212673167687753
2004-08-06,2.5881034419392397
2004-08-09,2.429735819995658
2004-08-10,2.3757316750103894
2004-08-11,2.424638770644977
2004-08-12,2.4145201947874093
2004-08-13,2.34226648045799
2004-08-16,2.2695844678057235
2004-08-17,2.1951132547916967
2004-08-18,2.1059602492536613
2004-08-19,2.338551989306352
2004-08-20,2.373055289819888
2004-08-23,2.47476670942196
2004-08-24,2.419427068608434
2004-08-25,2.3997981774671286
2004-08-26,2.32091783484907
2004-08-27,2.0376071208265496
2004-08-30,1.9076960343790828
2004-08-31,1.7480343574258517
2004-09-01,1.5665990739116797
2004-09-02,1.4799686493628283
2004-09-03,1.5745866940433901
2004-09-06,1.5723234167934586
2004-09-07,1.6702373448302676
2004-09-08,1.7038866222067275
2004-09-09,1.768415631299942
2004-09-10,1.694830210263038
2004-09-13,1.7380896505873349
2004-09-14,1.799438452798753
2004-09-15,1.7518159059253222
2004-09-16,1.7995013767288068
2004-09-17,1.8490551898846135
2004-09-20,1.8024661551599837
2004-09-21,1.7088639625309032
2004-09-22,1.6152566135413449
2004-09-23,1.6229331680194907
2004-09-24,1.6491516768499637
2004-09-27,1.5888627876870172
2004-09-28,1.591910835202044
2004-09-29,1.636078249068863
2004-09-30,1.6851900983772288
2004-10-01,1.8114139348304295
2004-10-04,1.9230303809624447
2004-10-05,1.8340235028611456
2004-10-06,1.9831047133358297
2004-10-07,1.9348642562790244
2004-10-08,2.032473109869622
2004-10-11,2.040351633255849
2004-10-12,2.0020911485212762
2004-10-13,1.83479789222473
2004-10-14,1.8211564996551628
2004-10-15,1.6897931441287508
2004-10-18,1.7687453210677675
2004-10-19,1.898223087643639
2004-10-20,1.8284402946750626
2004-10-21,1.8558045057135495
2004-10-22,1.793778559413051
2004-10-25,1.7419531567391937
2004-10-26,1.807251791144869
2004-10-27,1.8051574649395596
2004-10-28,1.9568053090052022
2004-10-29,1.9136762389937167
2004-11-01,2.0060313531849183
2004-11-02,2.0166006209291782
2004-11-03,2.0942481384800096
2004-11-04,2.0515356914901064
2004-11-05,2.048090589977189
2004-11-08,2.0382775067134573
2004-11-09,1.9596235501709294
2004-11-10,2.022553288820465
2004-11-11,2.086361213418679
2004-11-12,2.1465374132224913
2004-11-15,2.3057668696726075
2004-11-16,2.467033348049424
2004-11-17,2.4250824224774963
2004-11-18,2.469565346088058
2004-11-19,2.3987796713578375
2004-11-22,2.4030151561593005
2004-11-23,2.3368195634032314
2004-11-24,2.5195723435001045
2004-11-25,2.564668234691206
2004-11-26,2.539986243884749
2004-11-29,2.686293531602114
2004-11-30,2.417178914322961
2004-12-01,2.192322949576401
2004-12-02,2.276742870396239
2004-12-03,2.2847585550022727
2004-12-06,2.3133646300005664
2004-12-07,2.171395710393987
2004-12-08,2.17044907550963
2004-12-09,2.3806576875464165
2004-12-10,2.4755614464656293
2004-12-13,2.497079681135067
2004-12-14,2.4471010556748904
2004-12-15,2.4032329506825985
2004-12-16,2.167022660795976
2004-12-17,2.194894311130972
2004-12-20,2.2846295108284003
2004-12-21,2.1181248303681004
2004-12-22,2.0536654523245383
2004-12-23,1.9437111441303698
2004-12-24,1.8569975581541904
2004-12-27,1.862921772253008
2004-12-28,1.683632794505975
2004-12-29,1.7338571881254
2004-12-30,1.7971407307892269
2004-12-31,1.7770468485321476
2005-01-03,1.5739168971264557
2005-01-04,1.5014254034283248
2005-01-05,1.5907509283660521
2005-01-06,1.3874744984522533
2005-01-07,1.3656687834953363
2005-01-10,1.2911222853554012
2005-01-11,1.341379123310083
2005-01-12,1.2996987387685268
2005-01-13,1.3254485273140153
2005-01-14,1.3619021330194274
2005-01-17,1.4827060778504944
2005-01-18,1.4694903566819617
2005-01-19,1.496654004639155
2005-01-20,1.3938300440909792
2005-01-21,1.4739017868353572
2005-01-24,1.422222525858701
2005-01-25,1.3856417271284567
2005-01-26,1.385102182429703
2005-01-27,1.2849686235247146
2005-01-28,1.2997357065280903
2005-01-31,1.3604736533986692
2005-02-01,1.3802506101113878
2005-02-02,1.2788126424280815
2005-02-03,1.2721841536267497
2005-02-04,1.3178978260031524
2005-02-07,1.203522749223477
2005-02-08,1.1437070010355794
2005-02-09,1.1921675362261186
2005-02-10,1.2082054771050368
2005-02-11,1.2326033085303707
2005-02-14,1.343333549122901
2005-02-15,1.3740769228846565
2005-02-16,1.417927750807859
2005-02-17,1.6044362763572637
2005-02-18,1.5893146373072804
2005-02-21,1.530815913334372
2005-02-22,1.5628807409236471
2005-02-23,1.5964496633684861
2005-02-24,1.5579336739389713
2005-02-25,1.4835714924292738
2005-02-28,1.6494745000651756
2005-03-01,1.6761087470385216
2005-03-02,1.6195489019406442
2005-03-03,1.691228836498982
2005-03-04,1.6836324997504162
2005-03-07,1.6646667860674171
2005-03-08,1.7101968693935512
2005-03-09,1.6079761856680264
2005-03-10,1.6359101055496033
2005-03-11,1.7871286593037576
2005-03-14,1.8278266069067202
2005-03-15,1.7966363093756645
2005-03-16,1.7549420675542524
2005-03-17,1.7221826464142034
2005-03-18,1.7026950296736012
2005-03-21,1.6735124615432362
2005-03-22,1.7476113601268983
2005-03-23,1.607564751071716
2005-03-24,1.6745595424655555
2005-03-25,1.645711303252946
2005-03-28,1.676203086748346
2005-03-29,1.5888293811946526
2005-03-30,1.6906889454472758
2005-03-31,1.7923118501991842
2005-04-01,1.8753911084775219
2005-04-04,1.7439762971656667
2005-04-05,1.813909975696306
2005-04-06,1.8499251116306372
2005-04-07,1.7125737723063017
2005-04-08,1.71174111276805
2005-04-11,1.7424462942474008
2005-04-12,1.7895888779912876
2005-04-13,1.8057851157561828
2005-04-14,1.8318895387321361
2005-04-15,1.9621624432324787
2005-04-18,2.078249683434476
2005-04-19,1.8043110612225874
2005-04-20,1.7785060988065315
2005-04-21,1.7658627406387177
2005-04-22,1.6228199105269296
2005-04-25,1.631122028466483
2005-04-26,1.7294100060219226
2005-04-27,1.6425091280445978
2005-04-28,1.6697766333810913
2005-04-29,1.5991345843000413
2005-05-02,1.5496844354161865
2005-05-03,1.6601721155017033
2005-05-04,1.6188862747557964
2005-05-05,1.6554472964773843
2005-05-06,1.5122919169499414
2005-05-09,1.6483555595884367
2005-05-10,1.696613894649364
2005-05-11,1.683125563261848
2005-05-12,1.7302257804063894
2005-05-13,1.617367842300013
2005-05-16,1.7096673656324708
2005-05-17,1.6846897574884354
2005-05-18,1.6695842247594628
2005-05-19,1.6320478713062507
2005-05-20,1.588549338577834
2005-05-23,1.6420354242525574
2005-05-24,1.66301976801177
2005-05-25,1.7156040846978309
2005-05-26,1.7160264831682033
2005-05-27,1.7589479470393328
2005-05-30,1.72541108639917
2005-05-31,1.9115883731422179
2005-06-01,1.7729486714853853
2005-06-02,1.8808236356116785
2005-06-03,2.0049687505873015
2005-06-06,1.9260946710887046
2005-06-07,2.133883149328455
2005-06-08,2.2364715996568014
2005-06-09,2.3413782844622353
2005-06-10,2.346028993899172
2005-06-13,2.323539871978729
2005-06-14,2.3021218156394214
2005-06-15,2.3462622272767577
2005-06-16,2.5049001230759744
2005-06-17,2.528051215456804
2005-06-20,2.4216145292177123
2005-06-21,2.5181773806614656
2005-06-22,2.630260177476329
2005-06-23,2.7137940404230947
2005-06-24,2.81175964960444
2005-06-27,2.777697788664187
2005-06-28,2.6584804451064907
2005-06-29,2.5519103327924677
2005-06-30,2.3588894620224297
2005-07-01,2.3869132710864824
2005-07-04,2.3790862825106487
2005-07-05,2.331365014898185
2005-07-06,2.01474268418717
2005-07-07,1.8984779161683343
2005-07-08,2.001183895800688
2005-07-11,1.9399829675158862
2005-07-12,1.974418812574039
2005-07-13,1.8473791706595577
2005-07-14,1.9756356002845357
2005-07-15,1.9635116129432566
2005-07-18,1.9917851092018624
2005-07-19,2.216075681299659
2005-07-20,2.3782616351837764
2005-07-21,2.345464128367557
2005-07-22,2.2815708155509773
2005-07-25,2.248070544196302
2005-07-26,2.303945976821499
2005-07-27,2.2940237419507596
2005-07-28,2.252827464517109
2005-07-29,2.412334332700896
2005-08-01,2.4009227138090004
2005-08-02,2.6682035735594583
2005-08-03,2.6814192823164453
2005-08-04,2.9126301989841497
2005-08-05,2.9638781581500115
2005-08-08,3.101742396079438
2005-08-09,2.9981869764941833
2005-08-10,2.8800166532062406
2005-08-11,2.9447154926306527
2005-08-12,3.085304935930437
2005-08-15,3.093218050298177
2005-08-16,2.9091186170898604
2005-08-17,2.7260310938180705
2005-08-18,2.546037933207206
2005-08-19,2.337980708840579
2005-08-22,2.351634876354929
2005-08-23,2.4793316920520314
2005-08-24,2.4794007927900052
2005-08-25,2.22085199330153
2005-08-26,2.202331485192023
2005-08-29,2.1868674153927556
2005-08-30,2.408537933528754
2005-08-31,2.2461699996906535
2005-09-01,2.206314815036277
2005-09-02,2.3880426163687334
2005-09-05,2.4405837247556854
2005-09-06,2.5074568489535602
2005-09-07,2.522706059426724
2005-09-08,2.5638119620601
2005-09-09,2.6603007145651274
2005-09-12,2.560941239665673
2005-09-13,2.6696379533325127
2005-09-14,2.5000487179497055
2005-09-15,2.540598322849697
2005-09-16,2.56376952743752
2005-09-19,2.491160408613367
2005-09-20,2.4901389106343093
2005-09-21,2.418887111975941
2005-09-22,2.2990115287751913
2005-09-23,2.262221849757205
2005-09-26,2.146717268009365
2005-09-27,2.1809679906590653
2005-09-28,2.064944676045872
2005-09-29,2.1361784891563613
2005-09-30,2.0194264089421394
2005-10-03,1.9669609189866581
2005-10-04,1.910489208457655
2005-10-05,2.0326491062209797
2005-10-06,2.0658032880972987
2005-10-07,2.046534791356622
2005-10-10,2.0963113372203734
2005-10-11,1.8923763757877996
2005-10-12,1.8897727200917411
2005-10-13,2.072245211346751
2005-10-14,2.086590438150831
2005-10-17,2.0946714868316323
2005-10-18,2.1505501558131095
2005-10-19,2.243636516281468
2005-10-20,2.0366331839562566
2005-10-21,1.8781927278104082
2005-10-24,1.8981314487615335
2005-10-25,1.8356233700633104
2005-10-26,1.95183411155992
2005-10-27,1.9241271005995426
2005-10-28,1.7521506327320724
2005-10-31,1.649359194594193
2005-11-01,1.440706622949954
2005-11-02,1.4257494790534022
2005-11-03,1.4140192561975953
2005-11-04,1.386686302863117
2005-11-07,1.4589070178290688
2005-11-08,1.5432867384494044
2005-11-09,1.5318982208122371
2005-11-10,1.3809454452233205
2005-11-11,1.4223388008943465
2005-11-14,1.4607722638050145
2005-11-15,1.4831487404878256
2005-11-16,1.5534551348098384
2005-11-17,1.4697515811381214
2005-11-18,1.6124734977400255
2005-11-21,1.5409817891913917
2005-11-22,1.596884293705114
2005-11-23,1.4722852318626423
2005-11-24,1.4090080611605473
2005-11-25,1.5121230043939082
2005-11-28,1.4945186419565109
2005-11-29,1.5552219952336683
2005-11-30,1.5736986658313157
2005-12-01,1.5669410808614501
2005-12-02,1.6700611969453087
2005-12-05,1.6525237464753293
2005-12-06,1.5164867085161202
2005-12-07,1.4602894823330004
2005-12-08,1.4994582440902104
2005-12-09,1.5285635127936499
2005-12-12,1.4177645052274075
2005-12-13,1.3704485104835924
2005-12-14,1.3338536538277985
2005-12-15,1.3117657755443435
2005-12-16,1.2282590550428167
2005-12-19,1.192779030869434
2005-12-20,1.152733791241664
2005-12-21,1.1957817251151475
2005-12-22,1.2425878984871006
2005-12-23,1.2348579956472494
2005-12-26,1.2128681432857358
2005-12-27,1.2216995486336202
2005-12-28,1.1756662838530045
2005-12-29,1.1133006052860976
2005-12-30,1.0649360302099131
2006-01-02,1.0338528365776927
2006-01-03,0.9782115529369776
2006-01-04,0.9863600050507234
2006-01-05,1.0212224613142988
2006-01-06,0.9462550306720848
2006-01-09,0.9480051480025747
2006-01-10,0.9387965619259098
2006-01-11,0.9546094589301066
2006-01-12,0.9546575791791855
2006-01-13,0.8904568095820915
2006-01-16,0.838449402048417
2006-01-17,0.8401703760356366
2006-01-18,0.8819053558059339
2006-01-19,0.7918012389479356
2006-01-20,0.8052968576021534
2006-01-23,0.8515282774127447
2006-01-24,0.8459414138170767
2006-01-25,0.8685918722982278
2006-01-26,0.8404672241758557
2006-01-27,0.8362869492715218
2006-01-30,0.773592497925773
2006-01-31,0.6899642975288603
2006-02-01,0.72138944467281
2006-02-02,0.6885470856762904
2006-02-03,0.6742336603174933
2006-02-06,0.6309838479528699
2006-02-07,0.5898220992513696
2006-02-08,0.5853736894838648
2006-02-09,0.5656944681001047
2006-02-10,0.5762031868871028
2006-02-13,0.5889508698787201
2006-02-14,0.5982930527518242
2006-02-15,0.6054477132959739
2006-02-16,0.6515560342497645
2006-02-17,0.6193904794289928
2006-02-20,0.6181931213882056
2006-02-21,0.6519891789314686
2006-02-22,0.6917726493193578
2006-02-23,0.6462683379056953
2006-02-24,0.6371799860749806
2006-02-27,0.6789364385909334
2006-02-28,0.6957524593164627
2006-03-01,0.7026428105616853
2006-03-02,0.6958920768505099
2006-03-03,0.6837692008539478
2006-03-06,0.6935559838088382
2006-03-07,0.6857598045509077
2006-03-08,0.6848342637201109
2006-03-09,0.6878327374658336
2006-03-10,0.6663647430039301
2006-03-13,0.683632960234137
2006-03-14,0.7804273096263864
2006-03-15,0.7163164607070145
2006-03-16,0.7277865799392815
2006-03-17,0.7022791093022479
2006-03-20,0.7219936937418809
2006-03-21,0.7240605749772405
2006-03-22,0.7507648579134429
2006-03-23,0.7933554318498213
2006-03-24,0.8011055167883921
2006-03-27,0.8448766595304275
2006-03-28,0.7535441260197361
2006-03-29,0.8113939288670626
2006-03-30,0.8263547259235755
2006-03-31,0.86935139003866
2006-04-03,0.8202894102593621
2006-04-04,0.7888380008522121
2006-04-05,0.7948065567148354
2006-04-06,0.7946926955874358
2006-04-07,0.8058728302583537
2006-04-10,0.8480622301802054
2006-04-11,0.7788538635909714
2006-04-12,0.8154879046175872
2006-04-13,0.8163467667798333
2006-04-14,0.8090381702742537
2006-04-17,0.7539758830388696
2006-04-18,0.7724698255049725
2006-04-19,0.6865099433159106
2006-04-20,0.7081073008652045
2006-04-21,0.6592280593063187
2006-04-24,0.6613303965469228
2006-04-25,0.6580472600849763
2006-04-26,0.6951889441335433
2006-04-27,0.6897880367017432
2006-04-28,0.6677409064660921
2006-05-01,0.6522604866772841
2006-05-02,0.6923228617162667
2006-05-03,0.7104012616190131
2006-05-04,0.6979645939618663
2006-05-05,0.690642189934735
2006-05-08,0.6405767181351556
2006-05-09,0.6527963716591488
2006-05-10,0.5996853552416201
2006-05-11,0.6215140596231411
2006-05-12,0.6257068953916544
2006-05-15,0.6980435469585896
2006-05-16,0.6625277367123964
2006-05-17,0.6597545604611291
2006-05-18,0.7170591866502435
2006-05-19,0.7582859867442459
2006-05-22,0.7339760201768476
2006-05-23,0.7422438262747576
2006-05-24,0.7428051645773553
2006-05-25,0.7532160861240943
2006-05-26,0.7289817550759685
2006-05-29,0.7263893347993444
2006-05-30,0.6726987532279327
2006-05-31,0.6774440094961639
2006-06-01,0.6923503257362483
2006-06-02,0.6853810912186715
2006-06-05,0.6341848005415076
2006-06-06,0.6644620113270768
2006-06-07,0.6763808205342913
2006-06-08,0.6537546607264075
2006-06-09,0.6455375055813707
2006-06-12,0.6007221779116606
2006-06-13,0.5722440907607448
2006-06-14,0.5581405583679628
2006-06-15,0.5912259631190794
2006-06-16,0.5738396147151095
2006-06-19,0.591668309340183
2006-06-20,0.5770720507132594
2006-06-21,0.5842288098810745
2006-06-22,0.5807160492749144
2006-06-23,0.6052248159009497
2006-06-26,0.5903935214357434
2006-06-27,0.5474495431440175
2006-06-28,0.5124462394884914
2006-06-29,0.4999589770000375
2006-06-30,0.47106747377546265
2006-07-03,0.48054052494036487
2006-07-04,0.47032024888608454
2006-07-05,0.5244081136859501
2006-07-06,0.48227549394833225
2006-07-07,0.4872430478052527
2006-07-10,0.46182320207012667
2006-07-11,0.4514024777104722
2006-07-12,0.45472129497432606
2006-07-13,0.40595720833251187
2006-07-14,0.41077765603431016
2006-07-17,0.44854770519101933
2006-07-18,0.4392673309527077
2006-07-19,0.4449622426418324
2006-07-20,0.4669830134572679
2006-07-21,0.46367859543215284
2006-07-24,0.45131359013872585
2006-07-25,0.4039358690121317
2006-07-26,0.4165007863614334
2006-07-27,0.4145509792737971
2006-07-28,0.3951439438619193
2006-07-31,0.39777176271553166
2006-08-01,0.3871136423323208
2006-08-02,0.37774309097442976
2006-08-03,0.3888677200035157
2006-08-04,0.3647875959023606
2006-08-07,0.38323298262500893
2006-08-08,0.3584506662641207
2006-08-09,0.3475206605832019
2006-08-10,0.37981352997446355
2006-08-11,0.40048011468315453
2006-08-14,0.40259375462277763
2006-08-15,0.38509827805433927
2006-08-16,0.37576123966946023
2006-08-17,0.3773118285758294
2006-08-18,0.37823078336642096
2006-08-21,0.37685803643036564
2006-08-22,0.37655847294064915
2006-08-23,0.37299933118747286
2006-08-24,0.348115321728298
2006-08-25,0.3398831823395238
2006-08-28,0.35490485400371374
2006-08-29,0.3324360884816539
2006-08-30,0.3296826535858302
2006-08-31,0.317211421215353
2006-09-01,0.319091991447154
2006-09-04,0.31346078436127883
2006-09-05,0.33580956376058124
2006-09-06,0.3441030258876523
2006-09-07,0.3232181794271407
2006-09-08,0.3337389215922713
2006-09-11,0.3218166950754895
2006-09-12,0.3132944824602866
2006-09-13,0.318159477936778
2006-09-14,0.31100510190361047
2006-09-15,0.32442594686135273
2006-09-18,0.31283855725760074
2006-09-19,0.3039397347549357
2006-09-20,0.2947618824606652
2006-09-21,0.28711291210879936
2006-09-22,0.3023465529498343
2006-09-25,0.31157542774680064
2006-09-26,0.3373008810969193
2006-09-27,0.3743228031090806
2006-09-28,0.35648513221871764
2006-09-29,0.35790800718199084
2006-10-02,0.33843431152880804
2006-10-03,0.3262976793624168
2006-10-04,0.3168459738560298
2006-10-05,0.3013578560482098
2006-10-06,0.2867006121242761
2006-10-09,0.28493773107431997
2006-10-10,0.26889893233362117
2006-10-11,0.2798492730932671
2006-10-12,0.26798473087107844
2006-10-13,0.30454147159027034
2006-10-16,0.29826990962905536
2006-10-17,0.29948298100999277
2006-10-18,0.2815345297725423
2006-10-19,0.3047269860953292
2006-10-20,0.3211928076122961
2006-10-23,0.3259226514941307
2006-10-24,0.3056133447302338
2006-10-25,0.30886315016253946
2006-10-26,0.29284304364392527
2006-10-27,0.313508855751942
2006-10-30,0.32578155314128404
2006-10-31,0.3274675707625801
2006-11-01,0.2906955358290464
2006-11-02,0.2774825333260207
2006-11-03,0.28673371069405756
2006-11-06,0.3035160702061254
2006-11-07,0.319765659955254
2006-11-08,0.2962193924650031
2006-11-09,0.30064668991575083
2006-11-10,0.3153896097902892
2006-11-13,0.29120206862066056
2006-11-14,0.29128601367651075
2006-11-15,0.2952564128290253
2006-11-16,0.2912652227112931
2006-11-17,0.2663326770848619
2006-11-20,0.2624202011933217
2006-11-21,0.2585453700127346
2006-11-22,0.2569094359583406
2006-11-23,0.25026880351129394
2006-11-24,0.24521322642849733
2006-11-27,0.2449155354914124
2006-11-28,0.2502164122073545
2006-11-29,0.24679096260456632
2006-11-30,0.24219213473742424
2006-12-01,0.24341019134729838
2006-12-04,0.22180636755815275
2006-12-05,0.2269721768647657
2006-12-06,0.22711634458903068
2006-12-07,0.22769280094079258
2006-12-08,0.2382595687745041
2006-12-11,0.2167645094922787
2006-12-12,0.19699992238079403
2006-12-13,0.19968478636566458
2006-12-14,0.1997497814735999
2006-12-15,0.20149051160870846
2006-12-18,0.19723956979621546
2006-12-19,0.20359495975661554
2006-12-20,0.21276902259097563
2006-12-21,0.21779473713638217
2006-12-22,0.21525986968455565
2006-12-25,0.1943139034871883
2006-12-26,0.20154905249417107
2006-12-27,0.21343147757751213
2006-12-28,0.2201068737243943
2006-12-29,0.21116602308739985
2007-01-01,0.2180653534432094
2007-01-02,0.22713780451982538
2007-01-03,0.2442271404910022
2007-01-04,0.23434672266545883
2007-01-05,0.2319984231189416
2007-01-08,0.2403930344464232
2007-01-09,0.24120460566860188
2007-01-10,0.22873976672755708
2007-01-11,0.23338758521809932
2007-01-12,0.23995332297285124
2007-01-15,0.2411102563876219
2007-01-16,0.24377611180947203
2007-01-17,0.24096320464233162
2007-01-18,0.2581534500259621
2007-01-19,0.24741390799002913
2007-01-22,0.2407423878299692
2007-01-23,0.2410266974969449
2007-01-24,0.25126718762372485
2007-01-25,0.23386162299316138
2007-01-26,0.2196840305007892
2007-01-29,0.19901054394560302
2007-01-30,0.1994498099874102
2007-01-31,0.18913369331310564
2007-02-01,0.18583221019483945
2007-02-02,0.19179363158943608
2007-02-05,0.18613520427448033
2007-02-06,0.1882964783973288
2007-02-07,0.1857637765711721
2007-02-08,0.19181824520079932
2007-02-09,0.196268222412472
2007-02-12,0.19001528997809605
2007-02-13,0.18862864549106387
2007-02-14,0.19813423403409927
2007-02-15,0.201960034297394
2007-02-16,0.18890675631663292
2007-02-19,0.1949148506975674
2007-02-20,0.18513832455547535
2007-02-21,0.19775740571229933
2007-02-22,0.20753642232743427
2007-02-23,0.21052330727993288
2007-02-26,0.2122288156479325
2007-02-27,0.21027628523585418
2007-02-28,0.2171940460387094
2007-03-01,0.2135432614050011
2007-03-02,0.21606620847585686
2007-03-05,0.22517353385050567
2007-03-06,0.21937077522391712
2007-03-07,0.21315895421887113
2007-03-08,0.20138142585524477
2007-03-09,0.19146897791009834
2007-03-12,0.175287974755941
2007-03-13,0.1814843981873005
2007-03-14,0.19734144292637848
2007-03-15,0.21091450963933794
2007-03-16,0.1950525100083135
2007-03-19,0.20190123183620123
2007-03-20,0.21575647456611854
2007-03-21,0.21125837866458086
2007-03-22,0.21241178131182187
2007-03-23,0.19271274762705665
2007-03-26,0.1952745432623605
2007-03-27,0.1856709751703741
2007-03-28,0.18754823884386462
2007-03-29,0.17400430448541587
2007-03-30,0.17860243445570473
2007-04-02,0.18743779580932912
2007-04-03,0.18066729824930824
2007-04-04,0.17116651998282295
2007-04-05,0.15413302803539328
2007-04-06,0.15229859389031708
2007-04-09,0.14823269874616796
2007-04-10,0.13759757335798395
2007-04-11,0.14064487133036524
2007-04-12,0.13775783909190417
2007-04-13,0.13090498979784262
2007-04-16,0.12757590648558734
2007-04-17,0.13417380729635203
2007-04-18,0.1381037884908932
2007-04-19,0.1373474614987081
2007-04-20,0.14147635445233914
2007-04-23,0.13387900661749824
2007-04-24,0.13417245305987752
2007-04-25,0.1351964329540459
2007-04-26,0.1322952342455319
2007-04-27,0.13511454888399832
2007-04-30,0.1302513565848967
2007-05-01,0.1334882520223607
2007-05-02,0.13707299865574762
2007-05-03,0.11869499905970575
2007-05-04,0.1255130872820414
2007-05-07,0.10794660955288804
2007-05-08,0.10489066126144923
2007-05-09,0.11008375097395504
2007-05-10,0.1085101370353885
2007-05-11,0.10114974959317699
2007-05-14,0.0960334047736699
2007-05-15,0.10079516007077072
2007-05-16,0.0918463853052661
2007-05-17,0.09685120174564678
2007-05-18,0.09666321171300966
2007-05-21,0.09133117630849787
2007-05-22,0.08888641484468902
2007-05-23,0.08470646374918951
2007-05-24,0.08825372562761244
2007-05-25,0.0913844564908654
2007-05-28,0.08412030976712148
2007-05-29,0.08257669285279692
2007-05-30,0.07928573034361011
2007-05-31,0.08423438817021568
2007-06-01,0.07897262115887085
2007-06-04,0.08508809685978494
2007-06-05,0.08501056500758203
2007-06-06,0.08044142399599488
2007-06-07,0.07793376006585992
2007-06-08,0.07505162462336917
2007-06-11,0.07062569620600223
2007-06-12,0.07098915921988189
2007-06-13,0.06695641877646669
2007-06-14,0.06021886792344666
2007-06-15,0.059181484279420896
2007-06-18,0.05424948168593418
2007-06-19,0.052368485755249
2007-06-20,0.05016936410267862
2007-06-21,0.04815116353280601
2007-06-22,0.052808637824014515
2007-06-25,0.05298442668124075
2007-06-26,0.05363505498322547
2007-06-27,0.04923047150975187
2007-06-28,0.04774943799415927
2007-06-29,0.04826768754807066
2007-07-02,0.04598146717345744
2007-07-03,0.04799922728902151
2007-07-04,0.045328614330480244
2007-07-05,0.04474657563156352
2007-07-06,0.04354264244015995
2007-07-09,0.04391001500542041
2007-07-10,0.042616713960472966
2007-07-11,0.04210052117797604
2007-07-12,0.04165946814938771
2007-07-13,0.040249589058135735
2007-07-16,0.04120243567849059
2007-07-17,0.04169473800242402
2007-07-18,0.0415478523165268
2007-07-19,0.04073304059170262
2007-07-20,0.042302925317424515
2007-07-23,0.04186034109798705
2007-07-24,0.04128280527969931
2007-07-25,0.04151453230018261
2007-07-26,0.044915292876568556
2007-07-27,0.04212987018438594
2007-07-30,0.04369979868801063
2007-07-31,0.03987683223132834
2007-08-01,0.0403133623062972
2007-08-02,0.04337821196592721
2007-08-03,0.044412507993256106
2007-08-06,0.044800486231548316
2007-08-07,0.043648818216906526
2007-08-08,0.0437417609981382
2007-08-09,0.04325070608518821
2007-08-10,0.041682788172871243
2007-08-13,0.04114068180646022
2007-08-14,0.04155419756927377
2007-08-15,0.04008417170152621
2007-08-16,0.03859306277690165
2007-08-17,0.0361642065896464
2007-08-20,0.03685794600146279
2007-08-21,0.03783626175393866
2007-08-22,0.03827626952630811
2007-08-23,0.04006074150810927
2007-08-24,0.040253713529199674
2007-08-27,0.041028363366411615
2007-08-28,0.04164602531526383
2007-08-29,0.041493560745857465
2007-08-30,0.040484500628455045
2007-08-31,0.04482203870622454
2007-09-03,0.0438978064610901
2007-09-04,0.04255273833538409
2007-09-05,0.04345663756279971
2007-09-06,0.04400363492499998
2007-09-07,0.04114362319715801
2007-09-10,0.04337309344137732
2007-09-11,0.04320887314335674
2007-09-12,0.040988782643235626
2007-09-13,0.04334026074282909
2007-09-14,0.04465673079217962
2007-09-17,0.04204408712937054
2007-09-18,0.04565280133102712
2007-09-19,0.047111698516045325
2007-09-20,0.04712017829498637
2007-09-21,0.050737075045477455
2007-09-24,0.05115307370446099
2007-09-25,0.051119055445608394
2007-09-26,0.04956605566977934
2007-09-27,0.0509680023343921
2007-09-28,0.05215398435880752
2007-10-01,0.05222468436329377
2007-10-02,0.05032166933064711
2007-10-03,0.05066426498970456
2007-10-04,0.050530772177099004
2007-10-05,0.047413196398413994
2007-10-08,0.044184777931943184
2007-10-09,0.04539933820097725
2007-10-10,0.039960067185929565
2007-10-11,0.040375032641127025
2007-10-12,0.03949300201229318
2007-10-15,0.04198604945400462
2007-10-16,0.0410385313460823
2007-10-17,0.04235131920255762
2007-10-18,0.04158744962273414
2007-10-19,0.041838719060006274
2007-10-22,0.043331732564009594
2007-10-23,0.042416670886823424
2007-10-24,0.04445806014655015
2007-10-25,0.04241603722711421
2007-10-26,0.04303597222241838
2007-10-29,0.04495455396323642
2007-10-30,0.046393799724225894
2007-10-31,0.050690187351142675
2007-11-01,0.04890590668129938
2007-11-02,0.045785249886652286
2007-11-05,0.043680909892372555
2007-11-06,0.045080224108880365
2007-11-07,0.04617497112971586
2007-11-08,0.0464288402170934
2007-11-09,0.04401738073546334
2007-11-12,0.045651351072877065
2007-11-13,0.043064790850937104
2007-11-14,0.04547351812159066
2007-11-15,0.051784282876434176
2007-11-16,0.05271790583660588
2007-11-19,0.054212162857572285
2007-11-20,0.0529902792284961
2007-11-21,0.04855632608916888
2007-11-22,0.047211999784558915
2007-11-23,0.044825774031164424
2007-11-26,0.04182489269330698
2007-11-27,0.045303408089458486
2007-11-28,0.045918813243656965
2007-11-29,0.0467755790448555
2007-11-30,0.04612511439819955
2007-12-03,0.04577934222118726
2007-12-04,0.04791225236998249
2007-12-05,0.04787076205813196
2007-12-06,0.04910801340661991
2007-12-07,0.048686351231313915
2007-12-10,0.04793348002699045
2007-12-11,0.04481334560767467
2007-12-12,0.040719227649783474
2007-12-13,0.0402438995302755
2007-12-14,0.04037802504772194
2007-12-17,0.03797533357427735
2007-12-18,0.03793861393375501
2007-12-19,0.038060132276474506
2007-12-20,0.03427263643827229
2007-12-21,0.03282380406287198
2007-12-24,0.03347928021573043
2007-12-25,0.03411567843710863
2007-12-26,0.032295106966621814
2007-12-27,0.032558597899068904
2007-12-28,0.03416596121222386
2007-12-31,0.035450916021462664
2008-01-01,0.03531486550173799
2008-01-02,0.03456012054686717
2008-01-03,0.03356022785936815
2008-01-04,0.03432711219972405
2008-01-07,0.03466681029973975
2008-01-08,0.035725991079744286
2008-01-09,0.03597250643337219
2008-01-10,0.03739717225993022
2008-01-11,0.037589215648114155
2008-01-14,0.03901661190051059
2008-01-15,0.04065910854239233
2008-01-16,0.03914994222183479
2008-01-17,0.03587779787839507
2008-01-18,0.03855053975106479
2008-01-21,0.039044570538666126
2008-01-22,0.03594931544940194
2008-01-23,0.034767230754450214
2008-01-24,0.036066152714956015
2008-01-25,0.03561439826446199
2008-01-28,0.03477962623018967
2008-01-29,0.037130670616240244
2008-01-30,0.03533267300904697
2008-01-31,0.034031718912573956
2008-02-01,0.03439476366244079
2008-02-04,0.03505411806644846
2008-02-05,0.035902749199842765
2008-02-06,0.0374836996187152
2008-02-07,0.03786080896235033
2008-02-08,0.03876483971619088
2008-02-11,0.03831661792294775
2008-02-12,0.03845556004235723
2008-02-13,0.03867659453718454
2008-02-14,0.039095996761643347
2008-02-15,0.04055788830075764
2008-02-18,0.041653400905853497
2008-02-19,0.04176803355166997
2008-02-20,0.04020874300634733
2008-02-21,0.04036400522405781
2008-02-22,0.040337286488465074
2008-02-25,0.04073278505644233
2008-02-26,0.04508172269471026
2008-02-27,0.04400029711115614
2008-02-28,0.0449104091861883
2008-02-29,0.047226925997119765
2008-03-03,0.04747706805854043
2008-03-04,0.052851439390576384
2008-03-05,0.05194503826520021
2008-03-06,0.05277700481786971
2008-03-07,0.050832141157346244
2008-03-10,0.050023698127945826
2008-03-11,0.05064642518910445
2008-03-12,0.05271902500975479
2008-03-13,0.053550882155962626
2008-03-14,0.056804478184058
2008-03-17,0.05658733776828627
2008-03-18,0.05573884609077514
2008-03-19,0.06305192741082354
2008-03-20,0.06427198620805319
2008-03-21,0.06214159180769378
2008-03-24,0.0601550473210037
2008-03-25,0.05753487439513495
2008-03-26,0.060138261864914166
2008-03-27,0.05914549198487903
2008-03-28,0.05954097082384957
2008-03-31,0.05940176914262735
2008-04-01,0.0615063435190601
2008-04-02,0.059102255794712566
2008-04-03,0.056162626814026846
2008-04-04,0.05679614422555716
2008-04-07,0.05845435757158598
2008-04-08,0.05941402293492365
2008-04-09,0.057195061090675924
2008-04-10,0.05907385041961292
2008-04-11,0.05704847782657438
2008-04-14,0.05568596599914722
2008-04-15,0.053257150694511736
2008-04-16,0.05660086831929422
2008-04-17,0.05834105733951688
2008-04-18,0.060055603881870846
2008-04-21,0.06366995238248607
2008-04-22,0.07236508230515218
2008-04-23,0.06664585501829921
2008-04-24,0.06437794523616665
2008-04-25,0.06255503786579923
2008-04-28,0.06009807215787369
2008-04-29,0.05710329807154873
2008-04-30,0.05633437763293497
2008-05-01,0.0531636835147486
2008-05-02,0.05404282938640882
2008-05-05,0.05421067929722024
2008-05-06,0.05548353927197183
2008-05-07,0.05685683884170904
2008-05-08,0.058522378154215134
2008-05-09,0.05753145055222463
2008-05-12,0.06343376185246578
2008-05-13,0.06417978571881988
2008-05-14,0.058655536636629146
2008-05-15,0.0559377243925725
2008-05-16,0.05143633750485719
2008-05-19,0.051512518573870084
2008-05-20,0.05125038205425268
2008-05-21,0.05015398482599835
2008-05-22,0.05502955546865622
2008-05-23,0.05649979714132123
2008-05-26,0.05848698784588325
2008-05-27,0.05597107968319177
2008-05-28,0.053386064103681005
2008-05-29,0.05351427574887697
2008-05-30,0.053987805417161895
2008-06-02,0.04935612192947519
2008-06-03,0.04896883340565502
2008-06-04,0.049033808192690945
2008-06-05,0.04856856465487048
2008-06-06,0.04674573226096726
2008-06-09,0.04558986071424889
2008-06-10,0.04523953257124259
2008-06-11,0.045463728628673025
2008-06-12,0.04679939422562885
2008-06-13,0.04924122494807743
2008-06-16,0.04859045846995942
2008-06-17,0.04757893396267677
2008-06-18,0.048597852775287206
2008-06-19,0.050039630494079175
2008-06-20,0.04904949416981975
2008-06-23,0.050925466121821986
2008-06-24,0.05333487988229088
2008-06-25,0.0566591121060408
2008-06-26,0.06152539201318627
2008-06-27,0.05906413006410123
2008-06-30,0.059142014479366255
2008-07-01,0.05921267620675246
2008-07-02,0.05897764594899206
2008-07-03,0.05721634774031265
2008-07-04,0.053284100314883134
2008-07-07,0.053552902555383176
2008-07-08,0.05165556234781378
2008-07-09,0.051899805250842854
2008-07-10,0.049998801143949105
2008-07-11,0.047456016542289016
2008-07-14,0.04801383251561021
2008-07-15,0.04838845106811992
2008-07-16,0.0497511626901051
2008-07-17,0.055012683738358714
2008-07-18,0.05577153939744126
2008-07-21,0.05709181198897675
2008-07-22,0.05424690234724084
2008-07-23,0.051016991407371225
2008-07-24,0.05491473791268429
2008-07-25,0.05257191621469657
2008-07-28,0.05003436899654162
2008-07-29,0.04997506203406345
2008-07-30,0.04979528319021099
2008-07-31,0.04771952106571077
2008-08-01,0.047065016924627286
2008-08-04,0.04985709801345816
2008-08-05,0.04800311214047763
2008-08-06,0.044907828247522256
2008-08-07,0.04695283149243993
2008-08-08,0.048080472792233084
2008-08-11,0.04670926657064913
2008-08-12,0.043290979294025506
2008-08-13,0.04180518769505728
2008-08-14,0.04172482795769358
2008-08-15,0.04407210769419306
2008-08-18,0.04195991406555309
2008-08-19,0.041820201180190905
2008-08-20,0.0431892703790562
2008-08-21,0.038447742665782214
2008-08-22,0.04036685513280393
2008-08-25,0.03815879987127865
2008-08-26,0.03878429295811327
2008-08-27,0.03926296334497088
2008-08-28,0.04131860927596454
2008-08-29,0.042426355269063826
2008-09-01,0.03777626412723694
2008-09-02,0.0364089160644796
2008-09-03,0.03667106032057278
2008-09-04,0.03635795688106381
2008-09-05,0.03720572013405236
2008-09-08,0.038626880919508666
2008-09-09,0.039768434049221486
2008-09-10,0.03939273981464249
2008-09-11,0.036031220576876556
2008-09-12,0.03528228712219019
2008-09-15,0.03600213651590594
2008-09-16,0.03418658228788787
2008-09-17,0.035234142963926275
2008-09-18,0.03678084682442681
2008-09-19,0.03702592054410834
2008-09-22,0.031816945427244094
2008-09-23,0.029935529830703477
2008-09-24,0.032663665269922294
2008-09-25,0.03184528093244661
2008-09-26,0.028926589880452325
2008-09-29,0.030650812152631723
2008-09-30,0.030690443461959788
2008-10-01,0.03232730123026604
2008-10-02,0.03277272265889756
2008-10-03,0.033507164515342726
2008-10-06,0.0341057864390852
2008-10-07,0.03525871172131715
2008-10-08,0.039145584681959306
2008-10-09,0.04098154636707513
2008-10-10,0.03798587885467571
2008-10-13,0.03881563837097453
2008-10-14,0.04095407067842932
2008-10-15,0.043331003049498114
2008-10-16,0.04248905857239786
2008-10-17,0.044877842920727024
2008-10-20,0.046889517337245175
2008-10-21,0.05273787412258519
2008-10-22,0.05091460800151604
2008-10-23,0.049732336266864866
2008-10-24,0.049047545082374765
2008-10-27,0.0479481327435161
2008-10-28,0.04597726529751088
2008-10-29,0.040133855961366094
2008-10-30,0.039338785603698835
2008-10-31,0.040053463102562824
2008-11-03,0.03915002124771303
2008-11-04,0.04281169760018402
2008-11-05,0.04286709377745769
2008-11-06,0.04553753546085169
2008-11-07,0.04613139439656042
2008-11-10,0.04797527571199408
2008-11-11,0.04864150095530635
2008-11-12,0.05185417840037943
2008-11-13,0.05202563189396452
2008-11-14,0.05328457841596554
2008-11-17,0.054244950935716525
2008-11-18,0.05354352484349148
2008-11-19,0.0546069541434458
2008-11-20,0.060511656940658756
2008-11-21,0.05978012683698486
2008-11-24,0.061008601246517684
2008-11-25,0.06471137805635788
2008-11-26,0.06827263747267981
2008-11-27,0.06835562400644425
2008-11-28,0.06084461164516499
2008-12-01,0.062376618739472756
2008-12-02,0.05598856094633464
2008-12-03,0.05996017962551669
2008-12-04,0.06048070831345686
2008-12-05,0.06340052248716353
2008-12-08,0.06075878130995593
2008-12-09,0.056395403243468395
2008-12-10,0.05712907825610322
2008-12-11,0.057076189555840436
2008-12-12,0.055793283873333176
2008-12-15,0.05605357395657996
2008-12-16,0.06358342266007476
2008-12-17,0.06614957940667211
2008-12-18,0.06950135379301159
2008-12-19,0.07233767353373019
2008-12-22,0.07750236228093847
2008-12-23,0.07685855647713867
2008-12-24,0.06956583719516908
2008-12-25,0.06899282854654672
2008-12-26,0.07170203029080151
2008-12-29,0.06848838419767067
2008-12-30,0.06796368789828267
2008-12-31,0.06579894562111183
2009-01-01,0.07056862698657738
2009-01-02,0.07312944909095084
2009-01-05,0.07544106151441582
2009-01-06,0.07771793207749872
2009-01-07,0.07763260027438641
2009-01-08,0.07840987022351245
2009-01-09,0.07411092964926722
2009-01-12,0.06663289010357076
2009-01-13,0.06715012766176762
2009-01-14,0.06822530760998761
2009-01-15,0.07220660262773285
2009-01-16,0.07768305026012677
2009-01-19,0.08356982200941572
2009-01-20,0.07971452198462754
2009-01-21,0.07844395532848114
2009-01-22,0.08028321601614052
2009-01-23,0.09013624547439496
2009-01-26,0.09657447540275219
2009-01-27,0.10179236427639399
2009-01-28,0.10000001464151562
2009-01-29,0.0959213859331007
2009-01-30,0.0995832258078454
2009-02-02,0.0945140918850655
2009-02-03,0.09351368208503305
2009-02-04,0.09306880704678633
2009-02-05,0.10022481962085292
2009-02-06,0.09861588417524614
2009-02-09,0.08752920632717531
2009-02-10,0.0896819919132278
2009-02-11,0.08679508992566791
2009-02-12,0.08702744563369172
2009-02-13,0.08672869928297229
2009-02-16,0.08566673330787229
2009-02-17,0.08894297003138812
2009-02-18,0.08263612979718804
2009-02-19,0.08068002216218281
2009-02-20,0.08335551830771441
2009-02-23,0.08100340198735702
2009-02-24,0.07497594927554074
2009-02-25,0.07740684422380965
2009-02-26,0.08160287816967464
2009-02-27,0.08148342964447314
2009-03-02,0.07410225807455204
2009-03-03,0.07663727014915934
2009-03-04,0.07075440518831516
2009-03-05,0.07183624888816456
2009-03-06,0.06889204007018247
2009-03-09,0.06519593355125126
2009-03-10,0.06388230936668343
2009-03-11,0.0633720343001691
2009-03-12,0.06149448689103091
2009-03-13,0.06325392108482049
2009-03-16,0.061967079869600615
2009-03-17,0.064900701336349
2009-03-18,0.06580791777527639
2009-03-19,0.06369403755352936
2009-03-20,0.06114743518956523
2009-03-23,0.05648849443434954
2009-03-24,0.05730375576732499
2009-03-25,0.0563841390332797
2009-03-26,0.050217298600652424
2009-03-27,0.04898457591926399
2009-03-30,0.0469459693614125
2009-03-31,0.05051641993229629
2009-04-01,0.04653894093880198
2009-04-02,0.043435525461549634
2009-04-03,0.04576263963642894
2009-04-06,0.04875861238950408
2009-04-07,0.047084347039931466
2009-04-08,0.04571606437751188
2009-04-09,0.04708410516315089
2009-04-10,0.042031121569591164
2009-04-13,0.038415800071383205
2009-04-14,0.03793270495100957
2009-04-15,0.040770279694694135
2009-04-16,0.03996062940234448
2009-04-17,0.04017783572761975
2009-04-20,0.04237644666773966
2009-04-21,0.04669444346950671
2009-04-22,0.045458224514198335
2009-04-23,0.04545214436122083
2009-04-24,0.04945253043375348
2009-04-27,0.04597024291606595
2009-04-28,0.04825113917181768
2009-04-29,0.04597964419065257
2009-04-30,0.04623290882843198
2009-05-01,0.045734440340747876
2009-05-04,0.04370974226074963
2009-05-05,0.04172363931977084
2009-05-06,0.042297450194594924
2009-05-07,0.04433103969388117
2009-05-08,0.04408886623614197
2009-05-11,0.044264204374416964
2009-05-12,0.04549365504832627
2009-05-13,0.04345080413699878
2009-05-14,0.04500727771262211
2009-05-15,0.04679100707647799
2009-05-18,0.05269872599566324
2009-05-19,0.05179973447044071
2009-05-20,0.05071672151016515
2009-05-21,0.05260446910623778
2009-05-22,0.054688688851256474
2009-05-25,0.05334781216862589
2009-05-26,0.052369949743214426
2009-05-27,0.053749533973159784
2009-05-28,0.051696664286184475
2009-05-29,0.05073117415686584
2009-06-01,0.0509796870787746
2009-06-02,0.053431681073849366
2009-06-03,0.05194767589262734
2009-06-04,0.047524225587951545
2009-06-05,0.043315632117598396
2009-06-08,0.04079174153379118
2009-06-09,0.03831336787103456
2009-06-10,0.03805913188916393
2009-06-11,0.03596595845584302
2009-06-12,0.03480192350261666
2009-06-15,0.0335596065084756
2009-06-16,0.03288562676418408
2009-06-17,0.034984196166995295
2009-06-18,0.036107426100367795
2009-06-19,0.03615884688886684
2009-06-22,0.03539785373225191
2009-06-23,0.034699042734323754
2009-06-24,0.035260820363154824
2009-06-25,0.03626205106990818
2009-06-26,0.0347417997959391
2009-06-29,0.034824702025330466
2009-06-30,0.03155724070156236
2009-07-01,0.03189437786783628
2009-07-02,0.03307113262823804
2009-07-03,0.03265628333743025
2009-07-06,0.035521686209450475
2009-07-07,0.034076135415181154
2009-07-08,0.03444943575712461
2009-07-09,0.03441392908669139
2009-07-10,0.034273720027531734
2009-07-13,0.03411140565927958
2009-07-14,0.03430677791070228
2009-07-15,0.03571343021592762
2009-07-16,0.03808767135057107
2009-07-17,0.03810882718264044
2009-07-20,0.03961181082023628
2009-07-21,0.03833160732805347
2009-07-22,0.039752844139011694
2009-07-23,0.03835624227244073
2009-07-24,0.04037561505022435
2009-07-27,0.04469454903512877
2009-07-28,0.04446652030797453
2009-07-29,0.03996731359933561
2009-07-30,0.038963062637894154
2009-07-31,0.04127919621363582
2009-08-03,0.04239012093519265
2009-08-04,0.04291777948557472
2009-08-05,0.04500824452546708
2009-08-06,0.04607237234567739
2009-08-07,0.04877970655877984
2009-08-10,0.050946827238524665
2009-08-11,0.05468839854416722
2009-08-12,0.055654483093754634
2009-08-13,0.05808923558394197
2009-08-14,0.05728661997830498
2009-08-17,0.05570396245979958
2009-08-18,0.06029461164590301
2009-08-19,0.06095159947617471
2009-08-20,0.06332504097826977
2009-08-21,0.06373760478937211
2009-08-24,0.06202132191433596
2009-08-25,0.062094559585070534
2009-08-26,0.0663974073874431
2009-08-27,0.06819117223949932
2009-08-28,0.06279477280008845
2009-08-31,0.06219868039325286
2009-09-01,0.06755274660667725
2009-09-02,0.06691609373394725
2009-09-03,0.06134682049976264
2009-09-04,0.0669580702367186
2009-09-07,0.06917325879961707
2009-09-08,0.06899029852608181
2009-09-09,0.06782857716136756
2009-09-10,0.07137251468446297
2009-09-11,0.06959951467077514
2009-09-14,0.07345658402796386
2009-09-15,0.07539538120786031
2009-09-16,0.07631874273156977
2009-09-17,0.07689465957096679
2009-09-18,0.07631062763787688
2009-09-21,0.08016311267977107
2009-09-22,0.07696027817100952
2009-09-23,0.07118716210089085
2009-09-24,0.07331132033306327
2009-09-25,0.07555763150867002
2009-09-28,0.07732888200148942
2009-09-29,0.07887481219301375
2009-09-30,0.07773525384051196
2009-10-01,0.08069752956635179
2009-10-02,0.0805772611151905
2009-10-05,0.07878284888235719
2009-10-06,0.07767665976768093
2009-10-07,0.08526457155320172
2009-10-08,0.0784248807182005
2009-10-09,0.08033635033969408
2009-10-12,0.07409845174450308
2009-10-13,0.07376881793598326
2009-10-14,0.07231113488775685
2009-10-15,0.06534978692170361
2009-10-16,0.06659815123461621
2009-10-19,0.06544974118362187
2009-10-20,0.05910650488128816
2009-10-21,0.06150624975145487
2009-10-22,0.06576539369444502
2009-10-23,0.07049476220785601
2009-10-26,0.07174060744557707
2009-10-27,0.07194428816497618
2009-10-28,0.07655497632519528
2009-10-29,0.08277338890156942
2009-10-30,0.08730203476095788
2009-11-02,0.08350406402790704
2009-11-03,0.0843551171792084
2009-11-04,0.08616907813869709
2009-11-05,0.07896125444611139
2009-11-06,0.08077138934202018
2009-11-09,0.08965795847949465
2009-11-10,0.09244236515240435
2009-11-11,0.09901542039787874
2009-11-12,0.09993806326525129
2009-11-13,0.09965860993220528
2009-11-16,0.10152557140495676
2009-11-17,0.0977036640319888
2009-11-18,0.09335203770129463
2009-11-19,0.09905619073063085
2009-11-20,0.10561567854197752
2009-11-23,0.10077733186491515
2009-11-24,0.10548933224337771
2009-11-25,0.10512593941685384
2009-11-26,0.10688816780736213
2009-11-27,0.10929199171243562
2009-11-30,0.11454032772590551
2009-12-01,0.11506415660933106
2009-12-02,0.12289389105209847
2009-12-03,0.12477653469051266
2009-12-04,0.12855776922166026
2009-12-07,0.12361368058617567
2009-12-08,0.13652221230865375
2009-12-09,0.13965491182017245
2009-12-10,0.1444793581070857
2009-12-11,0.13373280087955705
2009-12-14,0.12865556590219177
2009-12-15,0.13634065953526509
2009-12-16,0.13828350750268645
2009-12-17,0.12605542846144555
2009-12-18,0.13237473350594758
2009-12-21,0.1290751866548085
2009-12-22,0.13786552855983508
2009-12-23,0.1373849078339023
2009-12-24,0.13880699752652026
2009-12-25,0.14670450053498157
2009-12-28,0.14062325709162832
2009-12-29,0.13416979566413206
2009-12-30,0.1330146337768929
2009-12-31,0.1383361308169163
